{"cameraMode":{"drawMode":0,"name":"Shaded","section":"Shading Mode"},"sceneLighting":false,"audioPlay":false,"sceneViewState":{"showFog":true,"showMaterialUpdate":true,"showSkybox":false,"showFlares":true,"showImageEffects":true,"showParticleSystems":true},"in2DMode":false,"pivot":{"x":0.00205916166305542,"y":0.30329054594039919,"z":12.742432594299317},"rotation":{"x":-0.10770610719919205,"y":0.5697490572929382,"z":-0.07564642280340195,"w":-0.8112123012542725},"size":3.733868360519409,"orthographic":false}